{
    "file_path": "data/Data-Studi-Kasus.csv",
    "Elbow Method": {
        "optimal_k": 4,
        "sse": [
            1689.431286549707,
            1516.9968111244705,
            1250.0009165907782,
            1112.9780340349303,
            1057.4413393570596,
            973.7200152788388,
            972.6869840807342,
            913.0250855511765,
            873.0058730158735
        ]
    },
    "Silhouette Method": {
        "optimal_k": 2,
        "silhouette_scores": [
            0.21771921161333932,
            0.15576298174487233,
            0.18461314308436835,
            0.19473442376639072,
            0.18875987417677753,
            0.20388718180642995,
            0.13691891747741225,
            0.14770708121448556,
            0.13881205584459563
        ]
    }
}