{
    "file_path": "data/Data-Preferensi.csv",
    "Elbow Method": {
        "optimal_k": 4,
        "sse": [
            1224.7383040935667,
            1061.6994134897363,
            791.0045097161088,
            749.9473084519163,
            682.9324663118831,
            639.4189232727967,
            594.9357521541924,
            567.58279955124,
            563.7445059004461
        ]
    },
    "Silhouette Method": {
        "optimal_k": 2,
        "silhouette_scores": [
            0.25025996285962676,
            0.19942504277699782,
            0.24813894326774735,
            0.24107364976873272,
            0.25011206699648153,
            0.2441385010444458,
            0.1958080863791335,
            0.1912771431501299,
            0.17301046339565743
        ]
    }
}